item_id	test_sample_index	target_token_index	source_rank	auto_strict_label	auto_loose_label	mapped	oracle_reason	source_node_type	target_node_type	source_node_text	target_node_text
test0_t451_s01	0	451	1	spurious	spurious	False	unmapped				
test0_t451_s02	0	451	2	spurious	spurious	False	unmapped				
test0_t451_s03	0	451	3	spurious	spurious	False	unmapped				
test0_t451_s04	0	451	4	spurious	spurious	False	unmapped				
test0_t451_s05	0	451	5	spurious	spurious	False	unmapped				
test0_t451_s06	0	451	6	spurious	spurious	False	unmapped				
test0_t451_s07	0	451	7	spurious	spurious	True	unsupported	method_declaration	identifier		adapter
test0_t451_s08	0	451	8	spurious	spurious	False	unmapped				
test0_t451_s09	0	451	9	spurious	spurious	False	unmapped				
test0_t451_s10	0	451	10	spurious	spurious	True	unsupported	method_declaration	identifier		adapter
test6_t783_s01	6	783	1	spurious	supported	True	same_statement	selector_expression	interpreted_string_literal		"""invalid configuration, multiple packages with the same name: pkg=%s"""
test6_t783_s02	6	783	2	spurious	supported	True	control_dependency	selector_expression	interpreted_string_literal		"""invalid configuration, multiple packages with the same name: pkg=%s"""
test6_t783_s03	6	783	3	spurious	supported	True	control_dependency	selector_expression	interpreted_string_literal		"""invalid configuration, multiple packages with the same name: pkg=%s"""
test6_t783_s04	6	783	4	spurious	spurious	True	unsupported	selector_expression	interpreted_string_literal		"""invalid configuration, multiple packages with the same name: pkg=%s"""
test6_t783_s05	6	783	5	spurious	spurious	True	unsupported	selector_expression	interpreted_string_literal		"""invalid configuration, multiple packages with the same name: pkg=%s"""
test6_t783_s06	6	783	6	spurious	supported	True	control_dependency	index_expression	interpreted_string_literal		"""invalid configuration, multiple packages with the same name: pkg=%s"""
test6_t783_s07	6	783	7	spurious	supported	True	same_statement	selector_expression	interpreted_string_literal		"""invalid configuration, multiple packages with the same name: pkg=%s"""
test6_t783_s08	6	783	8	spurious	spurious	True	unsupported	function_declaration	interpreted_string_literal		"""invalid configuration, multiple packages with the same name: pkg=%s"""
test6_t783_s09	6	783	9	spurious	supported	True	control_dependency	interpreted_string_literal_content	interpreted_string_literal	"""invalid configuration, empty package: pkg=%s alias=%s"""	"""invalid configuration, multiple packages with the same name: pkg=%s"""
test6_t783_s10	6	783	10	spurious	spurious	False	unmapped				
test8_t1930_s01	8	1930	1	spurious	spurious	False	unmapped				
test8_t1930_s02	8	1930	2	spurious	spurious	True	unsupported	function_declaration	identifier		result
test8_t1930_s03	8	1930	3	spurious	spurious	True	unsupported	identifier	identifier	expand	result
test8_t1930_s04	8	1930	4	spurious	spurious	False	unmapped				
test8_t1930_s05	8	1930	5	spurious	spurious	True	unsupported	argument_list	identifier		result
test8_t1930_s06	8	1930	6	spurious	spurious	False	unmapped				
test8_t1930_s07	8	1930	7	spurious	spurious	True	unsupported	identifier	identifier	expand	result
test8_t1930_s08	8	1930	8	spurious	spurious	False	unmapped				
test8_t1930_s09	8	1930	9	spurious	spurious	False	unmapped				
test8_t1930_s10	8	1930	10	spurious	spurious	False	unmapped				
test16_t595_s01	16	595	1	spurious	spurious	False	unmapped				
test16_t595_s02	16	595	2	spurious	spurious	True	unsupported	expression_case	field_identifier		LoadRestrictionsRootOnly
test16_t595_s03	16	595	3	spurious	spurious	True	unsupported	expression_switch_statement	field_identifier		LoadRestrictionsRootOnly
test16_t595_s04	16	595	4	spurious	spurious	True	unsupported	selector_expression	field_identifier		LoadRestrictionsRootOnly
test16_t595_s05	16	595	5	spurious	spurious	False	unmapped				
test16_t595_s06	16	595	6	spurious	spurious	True	unsupported	expression_case	field_identifier		LoadRestrictionsRootOnly
test16_t595_s07	16	595	7	supported	supported	True	target_in_source_selector_chain	binary_expression	field_identifier		LoadRestrictionsRootOnly
test16_t595_s08	16	595	8	spurious	spurious	True	unsupported	function_declaration	field_identifier		LoadRestrictionsRootOnly
test16_t595_s09	16	595	9	spurious	spurious	False	unmapped				
test16_t595_s10	16	595	10	spurious	spurious	True	unsupported	identifier	field_identifier	AddFlagLoadRestrictor	LoadRestrictionsRootOnly
test18_t1992_s01	18	1992	1	spurious	spurious	True	unsupported	argument_list	if_statement		
test18_t1992_s02	18	1992	2	spurious	spurious	True	unsupported	identifier	if_statement	finalObject	
test18_t1992_s03	18	1992	3	spurious	spurious	True	unsupported	argument_list	if_statement		
test18_t1992_s04	18	1992	4	spurious	spurious	False	unmapped				
test18_t1992_s05	18	1992	5	spurious	spurious	False	unmapped				
test18_t1992_s06	18	1992	6	spurious	spurious	True	unsupported	method_declaration	if_statement		
test18_t1992_s07	18	1992	7	spurious	spurious	False	unmapped				
test18_t1992_s08	18	1992	8	spurious	spurious	False	unmapped				
test18_t1992_s09	18	1992	9	spurious	spurious	True	unsupported	short_var_declaration	if_statement		
test18_t1992_s10	18	1992	10	spurious	spurious	True	unsupported	identifier	if_statement	success	
test21_t406_s01	21	406	1	supported	supported	True	source_in_target_selector_chain	identifier	interpreted_string_literal	tracef	"""uint available for flag name %[1]q (cmd=%[2]q)"""
test21_t406_s02	21	406	2	supported	supported	True	source_in_target_selector_chain	identifier	interpreted_string_literal	tracef	"""uint available for flag name %[1]q (cmd=%[2]q)"""
test21_t406_s03	21	406	3	supported	supported	True	same_selector_chain	interpreted_string_literal_content	interpreted_string_literal	"""uint NOT available for flag name %[1]q (cmd=%[2]q)"""	"""uint available for flag name %[1]q (cmd=%[2]q)"""
test21_t406_s04	21	406	4	supported	supported	True	source_in_target_selector_chain	identifier	interpreted_string_literal	tracef	"""uint available for flag name %[1]q (cmd=%[2]q)"""
test21_t406_s05	21	406	5	supported	supported	True	source_in_target_selector_chain	identifier	interpreted_string_literal	tracef	"""uint available for flag name %[1]q (cmd=%[2]q)"""
test21_t406_s06	21	406	6	spurious	spurious	False	unmapped				
test21_t406_s07	21	406	7	spurious	spurious	False	unmapped				
test21_t406_s08	21	406	8	spurious	spurious	True	unsupported	field_identifier	interpreted_string_literal	Uint	"""uint available for flag name %[1]q (cmd=%[2]q)"""
test21_t406_s09	21	406	9	spurious	spurious	True	unsupported	function_declaration	interpreted_string_literal		"""uint available for flag name %[1]q (cmd=%[2]q)"""
test21_t406_s10	21	406	10	spurious	spurious	False	unmapped				
test27_t1607_s01	27	1607	1	spurious	spurious	False	unmapped				
test27_t1607_s02	27	1607	2	supported	supported	True	source_in_target_selector_chain	identifier	field_identifier	handler	IsSynced
test27_t1607_s03	27	1607	3	spurious	spurious	False	unmapped				
test27_t1607_s04	27	1607	4	spurious	spurious	True	unsupported	field_identifier	field_identifier	WaitForHandlersSync	IsSynced
test27_t1607_s05	27	1607	5	spurious	spurious	False	unmapped				
test27_t1607_s06	27	1607	6	spurious	supported	True	control_dependency	selector_expression	field_identifier		IsSynced
test27_t1607_s07	27	1607	7	spurious	spurious	False	unmapped				
test27_t1607_s08	27	1607	8	supported	supported	True	target_in_source_selector_chain	for_statement	field_identifier		IsSynced
test27_t1607_s09	27	1607	9	supported	supported	True	target_in_source_selector_chain	if_statement	field_identifier		IsSynced
test27_t1607_s10	27	1607	10	spurious	supported	True	control_dependency	field_identifier	field_identifier	registeredHandlers	IsSynced
test28_t620_s01	28	620	1	spurious	spurious	True	unsupported	method_declaration	defer_statement		
test28_t620_s02	28	620	2	spurious	spurious	False	unmapped				
test28_t620_s03	28	620	3	spurious	spurious	False	unmapped				
test28_t620_s04	28	620	4	spurious	spurious	False	unmapped				
test28_t620_s05	28	620	5	spurious	spurious	False	unmapped				
test28_t620_s06	28	620	6	spurious	spurious	False	unmapped				
test28_t620_s07	28	620	7	spurious	spurious	False	unmapped				
test28_t620_s08	28	620	8	spurious	spurious	False	unmapped				
test28_t620_s09	28	620	9	spurious	spurious	False	unmapped				
test28_t620_s10	28	620	10	spurious	spurious	True	unsupported	method_declaration	defer_statement		
test34_t439_s01	34	439	1	spurious	spurious	True	unsupported	function_declaration	return_statement		
test34_t439_s02	34	439	2	spurious	spurious	False	unmapped				
test34_t439_s03	34	439	3	spurious	spurious	False	unmapped				
test34_t439_s04	34	439	4	spurious	spurious	False	unmapped				
test34_t439_s05	34	439	5	spurious	spurious	True	unsupported	short_var_declaration	return_statement		
test34_t439_s06	34	439	6	spurious	spurious	False	unmapped				
test34_t439_s07	34	439	7	spurious	spurious	False	unmapped				
test34_t439_s08	34	439	8	spurious	spurious	False	unmapped				
test34_t439_s09	34	439	9	spurious	spurious	False	unmapped				
test34_t439_s10	34	439	10	spurious	spurious	False	unmapped				
test38_t334_s01	38	334	1	spurious	spurious	True	unsupported	function_declaration	identifier		res
test38_t334_s02	38	334	2	spurious	supported	True	control_dependency	field_identifier	identifier	HasSuffix	res
test38_t334_s03	38	334	3	spurious	supported	True	control_dependency	selector_expression	identifier		res
test38_t334_s04	38	334	4	spurious	spurious	False	unmapped				
test38_t334_s05	38	334	5	spurious	spurious	False	unmapped				
test38_t334_s06	38	334	6	spurious	spurious	True	unsupported	short_var_declaration	identifier		res
test38_t334_s07	38	334	7	spurious	supported	True	control_dependency	short_var_declaration	identifier		res
test38_t334_s08	38	334	8	supported	supported	True	target_in_source_selector_chain	index_expression	identifier		res
test38_t334_s09	38	334	9	spurious	spurious	True	unsupported	selector_expression	identifier		res
test38_t334_s10	38	334	10	spurious	spurious	False	unmapped				
test39_t987_s01	39	987	1	spurious	supported	True	control_dependency	selector_expression	if_statement		
test39_t987_s02	39	987	2	spurious	supported	True	control_dependency	identifier	if_statement	dir	
test39_t987_s03	39	987	3	spurious	spurious	False	unmapped				
test39_t987_s04	39	987	4	spurious	supported	True	control_dependency	if_statement	if_statement		
test39_t987_s05	39	987	5	spurious	supported	True	control_dependency	short_var_declaration	if_statement		
test39_t987_s06	39	987	6	spurious	spurious	False	unmapped				
test39_t987_s07	39	987	7	spurious	supported	True	control_dependency	identifier	if_statement	filepath	
test39_t987_s08	39	987	8	spurious	spurious	True	unsupported	method_declaration	if_statement		
test39_t987_s09	39	987	9	spurious	supported	True	control_dependency	for_statement	if_statement		
test39_t987_s10	39	987	10	spurious	supported	True	control_dependency	range_clause	if_statement		
test41_t1168_s01	41	1168	1	supported	supported	True	same_identifier	raw_string_literal_content	raw_string_literal_content	"`[[inputs.%s]]\n  ## Docker Endpoint\n  ##   To use TCP, set endpoint = ""tcp://[ip]:[port]""\n  ##   To use environment variables (ie, docker-machine), set endpoint = ""ENV""\n  endpoint = ""%s""\n  #\n  ## Set to true to collect Swarm metrics(desired_replicas, running_replicas)\n  gather_services = false\n  #\n  ## Only collect metrics for these containers, collect all if empty\n  container_names = []\n  #\n  ## Set the source tag for the metrics to the container ID hostname, eg first 12 chars\n  source_tag = false\n  #\n  ## Containers to include and exclude. Globs accepted.\n  ## Note that an empty array for both will include all containers\n  container_name_include = []\n  container_name_exclude = []\n  #\n  ## Container states to include and exclude. Globs accepted.\n  ## When empty only containers in the ""running"" state will be captured.\n  ## example: container_state_include = [""created"", ""restarting"", ""running"", ""removing"", ""paused"", ""exited"", ""dead""]\n  ## example: container_state_exclude = [""created"", ""restarting"", ""running"", ""removing"", ""paused"", ""exited"", ""dead""]\n  # container_state_include = []\n  # container_state_exclude = []\n  #\n  ## Timeout for docker list, info, and stats commands\n  timeout = ""5s""\n  #\n  ## Whether to report for each container per-device blkio (8:0, 8:1...),\n  ## network (eth0, eth1, ...) and cpu (cpu0, cpu1, ...) stats or not.\n  ## Usage of this setting is discouraged since it will be deprecated in favor of 'perdevice_include'. \n  ## Set to true to report for each container per device blkio, network (eth0, eth1,...)   #\n  ## Specifies for which classes a per-device metric should be issued\n  ## Possible values are 'cpu' (cpu0, cpu1, ...), 'blkio' (8:0, 8:1, ...) and 'network' (eth0, eth1, ...)\n  ## Please note that this setting has no effect if 'perdevice' is set to 'true'\n  # perdevice_include = [""cpu""]\n  #\n  ## Whether to report for each container total blkio and network stats or not.\n  ## Usage of this setting is discouraged since it will be deprecated in favor of 'total_include'.\n  ## Default value is 'false' for backwards compatibility, please set it to 'true' so that 'total_include' setting\n  ## is honored.\n  total = false\n  #\n  ## Specifies for which classes a total metric should be issued. Total is an aggregated of the 'perdevice' values.\n  ## Possible values are 'cpu', 'blkio' and 'network'\n  ## Total 'cpu' is reported directly by Docker daemon, and 'network' and 'blkio' totals are aggregated by this plugin.\n  ## Please note that this setting has no effect if 'total' is set to 'false'\n  # total_include = [""cpu"", ""blkio"", ""network""]\n  #\n  ## Which environment variables should we use as a tag\n  ##tag_env = [""JAVA_HOME"", ""HEAP_SIZE""]\n  #\n  ## docker labels to include and exclude as tags.  Globs accepted.\n  ## Note that an empty array for both will include all labels as tags\n  docker_label_include = []\n  docker_label_exclude = []\n  #\n  ## Optional TLS Config\n  # tls_ca = ""/etc/telegraf/ca.pem""\n  # tls_cert = ""/etc/telegraf/cert.pem""\n  # tls_key = ""/etc/telegraf/key.pem""\n  ## Use TLS but skip chain & host verification\n  # insecure_skip_verify = false\n`"	"`[[inputs.%s]]\n  ## Docker Endpoint\n  ##   To use TCP, set endpoint = ""tcp://[ip]:[port]""\n  ##   To use environment variables (ie, docker-machine), set endpoint = ""ENV""\n  endpoint = ""%s""\n  #\n  ## Set to true to collect Swarm metrics(desired_replicas, running_replicas)\n  gather_services = false\n  #\n  ## Only collect metrics for these containers, collect all if empty\n  container_names = []\n  #\n  ## Set the source tag for the metrics to the container ID hostname, eg first 12 chars\n  source_tag = false\n  #\n  ## Containers to include and exclude. Globs accepted.\n  ## Note that an empty array for both will include all containers\n  container_name_include = []\n  container_name_exclude = []\n  #\n  ## Container states to include and exclude. Globs accepted.\n  ## When empty only containers in the ""running"" state will be captured.\n  ## example: container_state_include = [""created"", ""restarting"", ""running"", ""removing"", ""paused"", ""exited"", ""dead""]\n  ## example: container_state_exclude = [""created"", ""restarting"", ""running"", ""removing"", ""paused"", ""exited"", ""dead""]\n  # container_state_include = []\n  # container_state_exclude = []\n  #\n  ## Timeout for docker list, info, and stats commands\n  timeout = ""5s""\n  #\n  ## Whether to report for each container per-device blkio (8:0, 8:1...),\n  ## network (eth0, eth1, ...) and cpu (cpu0, cpu1, ...) stats or not.\n  ## Usage of this setting is discouraged since it will be deprecated in favor of 'perdevice_include'. \n  ## Set to true to report for each container per device blkio, network (eth0, eth1,...)   #\n  ## Specifies for which classes a per-device metric should be issued\n  ## Possible values are 'cpu' (cpu0, cpu1, ...), 'blkio' (8:0, 8:1, ...) and 'network' (eth0, eth1, ...)\n  ## Please note that this setting has no effect if 'perdevice' is set to 'true'\n  # perdevice_include = [""cpu""]\n  #\n  ## Whether to report for each container total blkio and network stats or not.\n  ## Usage of this setting is discouraged since it will be deprecated in favor of 'total_include'.\n  ## Default value is 'false' for backwards compatibility, please set it to 'true' so that 'total_include' setting\n  ## is honored.\n  total = false\n  #\n  ## Specifies for which classes a total metric should be issued. Total is an aggregated of the 'perdevice' values.\n  ## Possible values are 'cpu', 'blkio' and 'network'\n  ## Total 'cpu' is reported directly by Docker daemon, and 'network' and 'blkio' totals are aggregated by this plugin.\n  ## Please note that this setting has no effect if 'total' is set to 'false'\n  # total_include = [""cpu"", ""blkio"", ""network""]\n  #\n  ## Which environment variables should we use as a tag\n  ##tag_env = [""JAVA_HOME"", ""HEAP_SIZE""]\n  #\n  ## docker labels to include and exclude as tags.  Globs accepted.\n  ## Note that an empty array for both will include all labels as tags\n  docker_label_include = []\n  docker_label_exclude = []\n  #\n  ## Optional TLS Config\n  # tls_ca = ""/etc/telegraf/ca.pem""\n  # tls_cert = ""/etc/telegraf/cert.pem""\n  # tls_key = ""/etc/telegraf/key.pem""\n  ## Use TLS but skip chain & host verification\n  # insecure_skip_verify = false\n`"
test41_t1168_s02	41	1168	2	supported	supported	True	same_identifier	raw_string_literal_content	raw_string_literal_content	"`[[inputs.%s]]\n  ## Docker Endpoint\n  ##   To use TCP, set endpoint = ""tcp://[ip]:[port]""\n  ##   To use environment variables (ie, docker-machine), set endpoint = ""ENV""\n  endpoint = ""%s""\n  #\n  ## Set to true to collect Swarm metrics(desired_replicas, running_replicas)\n  gather_services = false\n  #\n  ## Only collect metrics for these containers, collect all if empty\n  container_names = []\n  #\n  ## Set the source tag for the metrics to the container ID hostname, eg first 12 chars\n  source_tag = false\n  #\n  ## Containers to include and exclude. Globs accepted.\n  ## Note that an empty array for both will include all containers\n  container_name_include = []\n  container_name_exclude = []\n  #\n  ## Container states to include and exclude. Globs accepted.\n  ## When empty only containers in the ""running"" state will be captured.\n  ## example: container_state_include = [""created"", ""restarting"", ""running"", ""removing"", ""paused"", ""exited"", ""dead""]\n  ## example: container_state_exclude = [""created"", ""restarting"", ""running"", ""removing"", ""paused"", ""exited"", ""dead""]\n  # container_state_include = []\n  # container_state_exclude = []\n  #\n  ## Timeout for docker list, info, and stats commands\n  timeout = ""5s""\n  #\n  ## Whether to report for each container per-device blkio (8:0, 8:1...),\n  ## network (eth0, eth1, ...) and cpu (cpu0, cpu1, ...) stats or not.\n  ## Usage of this setting is discouraged since it will be deprecated in favor of 'perdevice_include'. \n  ## Set to true to report for each container per device blkio, network (eth0, eth1,...)   #\n  ## Specifies for which classes a per-device metric should be issued\n  ## Possible values are 'cpu' (cpu0, cpu1, ...), 'blkio' (8:0, 8:1, ...) and 'network' (eth0, eth1, ...)\n  ## Please note that this setting has no effect if 'perdevice' is set to 'true'\n  # perdevice_include = [""cpu""]\n  #\n  ## Whether to report for each container total blkio and network stats or not.\n  ## Usage of this setting is discouraged since it will be deprecated in favor of 'total_include'.\n  ## Default value is 'false' for backwards compatibility, please set it to 'true' so that 'total_include' setting\n  ## is honored.\n  total = false\n  #\n  ## Specifies for which classes a total metric should be issued. Total is an aggregated of the 'perdevice' values.\n  ## Possible values are 'cpu', 'blkio' and 'network'\n  ## Total 'cpu' is reported directly by Docker daemon, and 'network' and 'blkio' totals are aggregated by this plugin.\n  ## Please note that this setting has no effect if 'total' is set to 'false'\n  # total_include = [""cpu"", ""blkio"", ""network""]\n  #\n  ## Which environment variables should we use as a tag\n  ##tag_env = [""JAVA_HOME"", ""HEAP_SIZE""]\n  #\n  ## docker labels to include and exclude as tags.  Globs accepted.\n  ## Note that an empty array for both will include all labels as tags\n  docker_label_include = []\n  docker_label_exclude = []\n  #\n  ## Optional TLS Config\n  # tls_ca = ""/etc/telegraf/ca.pem""\n  # tls_cert = ""/etc/telegraf/cert.pem""\n  # tls_key = ""/etc/telegraf/key.pem""\n  ## Use TLS but skip chain & host verification\n  # insecure_skip_verify = false\n`"	"`[[inputs.%s]]\n  ## Docker Endpoint\n  ##   To use TCP, set endpoint = ""tcp://[ip]:[port]""\n  ##   To use environment variables (ie, docker-machine), set endpoint = ""ENV""\n  endpoint = ""%s""\n  #\n  ## Set to true to collect Swarm metrics(desired_replicas, running_replicas)\n  gather_services = false\n  #\n  ## Only collect metrics for these containers, collect all if empty\n  container_names = []\n  #\n  ## Set the source tag for the metrics to the container ID hostname, eg first 12 chars\n  source_tag = false\n  #\n  ## Containers to include and exclude. Globs accepted.\n  ## Note that an empty array for both will include all containers\n  container_name_include = []\n  container_name_exclude = []\n  #\n  ## Container states to include and exclude. Globs accepted.\n  ## When empty only containers in the ""running"" state will be captured.\n  ## example: container_state_include = [""created"", ""restarting"", ""running"", ""removing"", ""paused"", ""exited"", ""dead""]\n  ## example: container_state_exclude = [""created"", ""restarting"", ""running"", ""removing"", ""paused"", ""exited"", ""dead""]\n  # container_state_include = []\n  # container_state_exclude = []\n  #\n  ## Timeout for docker list, info, and stats commands\n  timeout = ""5s""\n  #\n  ## Whether to report for each container per-device blkio (8:0, 8:1...),\n  ## network (eth0, eth1, ...) and cpu (cpu0, cpu1, ...) stats or not.\n  ## Usage of this setting is discouraged since it will be deprecated in favor of 'perdevice_include'. \n  ## Set to true to report for each container per device blkio, network (eth0, eth1,...)   #\n  ## Specifies for which classes a per-device metric should be issued\n  ## Possible values are 'cpu' (cpu0, cpu1, ...), 'blkio' (8:0, 8:1, ...) and 'network' (eth0, eth1, ...)\n  ## Please note that this setting has no effect if 'perdevice' is set to 'true'\n  # perdevice_include = [""cpu""]\n  #\n  ## Whether to report for each container total blkio and network stats or not.\n  ## Usage of this setting is discouraged since it will be deprecated in favor of 'total_include'.\n  ## Default value is 'false' for backwards compatibility, please set it to 'true' so that 'total_include' setting\n  ## is honored.\n  total = false\n  #\n  ## Specifies for which classes a total metric should be issued. Total is an aggregated of the 'perdevice' values.\n  ## Possible values are 'cpu', 'blkio' and 'network'\n  ## Total 'cpu' is reported directly by Docker daemon, and 'network' and 'blkio' totals are aggregated by this plugin.\n  ## Please note that this setting has no effect if 'total' is set to 'false'\n  # total_include = [""cpu"", ""blkio"", ""network""]\n  #\n  ## Which environment variables should we use as a tag\n  ##tag_env = [""JAVA_HOME"", ""HEAP_SIZE""]\n  #\n  ## docker labels to include and exclude as tags.  Globs accepted.\n  ## Note that an empty array for both will include all labels as tags\n  docker_label_include = []\n  docker_label_exclude = []\n  #\n  ## Optional TLS Config\n  # tls_ca = ""/etc/telegraf/ca.pem""\n  # tls_cert = ""/etc/telegraf/cert.pem""\n  # tls_key = ""/etc/telegraf/key.pem""\n  ## Use TLS but skip chain & host verification\n  # insecure_skip_verify = false\n`"
test41_t1168_s03	41	1168	3	supported	supported	True	same_identifier	raw_string_literal_content	raw_string_literal_content	"`[[inputs.%s]]\n  ## Docker Endpoint\n  ##   To use TCP, set endpoint = ""tcp://[ip]:[port]""\n  ##   To use environment variables (ie, docker-machine), set endpoint = ""ENV""\n  endpoint = ""%s""\n  #\n  ## Set to true to collect Swarm metrics(desired_replicas, running_replicas)\n  gather_services = false\n  #\n  ## Only collect metrics for these containers, collect all if empty\n  container_names = []\n  #\n  ## Set the source tag for the metrics to the container ID hostname, eg first 12 chars\n  source_tag = false\n  #\n  ## Containers to include and exclude. Globs accepted.\n  ## Note that an empty array for both will include all containers\n  container_name_include = []\n  container_name_exclude = []\n  #\n  ## Container states to include and exclude. Globs accepted.\n  ## When empty only containers in the ""running"" state will be captured.\n  ## example: container_state_include = [""created"", ""restarting"", ""running"", ""removing"", ""paused"", ""exited"", ""dead""]\n  ## example: container_state_exclude = [""created"", ""restarting"", ""running"", ""removing"", ""paused"", ""exited"", ""dead""]\n  # container_state_include = []\n  # container_state_exclude = []\n  #\n  ## Timeout for docker list, info, and stats commands\n  timeout = ""5s""\n  #\n  ## Whether to report for each container per-device blkio (8:0, 8:1...),\n  ## network (eth0, eth1, ...) and cpu (cpu0, cpu1, ...) stats or not.\n  ## Usage of this setting is discouraged since it will be deprecated in favor of 'perdevice_include'. \n  ## Set to true to report for each container per device blkio, network (eth0, eth1,...)   #\n  ## Specifies for which classes a per-device metric should be issued\n  ## Possible values are 'cpu' (cpu0, cpu1, ...), 'blkio' (8:0, 8:1, ...) and 'network' (eth0, eth1, ...)\n  ## Please note that this setting has no effect if 'perdevice' is set to 'true'\n  # perdevice_include = [""cpu""]\n  #\n  ## Whether to report for each container total blkio and network stats or not.\n  ## Usage of this setting is discouraged since it will be deprecated in favor of 'total_include'.\n  ## Default value is 'false' for backwards compatibility, please set it to 'true' so that 'total_include' setting\n  ## is honored.\n  total = false\n  #\n  ## Specifies for which classes a total metric should be issued. Total is an aggregated of the 'perdevice' values.\n  ## Possible values are 'cpu', 'blkio' and 'network'\n  ## Total 'cpu' is reported directly by Docker daemon, and 'network' and 'blkio' totals are aggregated by this plugin.\n  ## Please note that this setting has no effect if 'total' is set to 'false'\n  # total_include = [""cpu"", ""blkio"", ""network""]\n  #\n  ## Which environment variables should we use as a tag\n  ##tag_env = [""JAVA_HOME"", ""HEAP_SIZE""]\n  #\n  ## docker labels to include and exclude as tags.  Globs accepted.\n  ## Note that an empty array for both will include all labels as tags\n  docker_label_include = []\n  docker_label_exclude = []\n  #\n  ## Optional TLS Config\n  # tls_ca = ""/etc/telegraf/ca.pem""\n  # tls_cert = ""/etc/telegraf/cert.pem""\n  # tls_key = ""/etc/telegraf/key.pem""\n  ## Use TLS but skip chain & host verification\n  # insecure_skip_verify = false\n`"	"`[[inputs.%s]]\n  ## Docker Endpoint\n  ##   To use TCP, set endpoint = ""tcp://[ip]:[port]""\n  ##   To use environment variables (ie, docker-machine), set endpoint = ""ENV""\n  endpoint = ""%s""\n  #\n  ## Set to true to collect Swarm metrics(desired_replicas, running_replicas)\n  gather_services = false\n  #\n  ## Only collect metrics for these containers, collect all if empty\n  container_names = []\n  #\n  ## Set the source tag for the metrics to the container ID hostname, eg first 12 chars\n  source_tag = false\n  #\n  ## Containers to include and exclude. Globs accepted.\n  ## Note that an empty array for both will include all containers\n  container_name_include = []\n  container_name_exclude = []\n  #\n  ## Container states to include and exclude. Globs accepted.\n  ## When empty only containers in the ""running"" state will be captured.\n  ## example: container_state_include = [""created"", ""restarting"", ""running"", ""removing"", ""paused"", ""exited"", ""dead""]\n  ## example: container_state_exclude = [""created"", ""restarting"", ""running"", ""removing"", ""paused"", ""exited"", ""dead""]\n  # container_state_include = []\n  # container_state_exclude = []\n  #\n  ## Timeout for docker list, info, and stats commands\n  timeout = ""5s""\n  #\n  ## Whether to report for each container per-device blkio (8:0, 8:1...),\n  ## network (eth0, eth1, ...) and cpu (cpu0, cpu1, ...) stats or not.\n  ## Usage of this setting is discouraged since it will be deprecated in favor of 'perdevice_include'. \n  ## Set to true to report for each container per device blkio, network (eth0, eth1,...)   #\n  ## Specifies for which classes a per-device metric should be issued\n  ## Possible values are 'cpu' (cpu0, cpu1, ...), 'blkio' (8:0, 8:1, ...) and 'network' (eth0, eth1, ...)\n  ## Please note that this setting has no effect if 'perdevice' is set to 'true'\n  # perdevice_include = [""cpu""]\n  #\n  ## Whether to report for each container total blkio and network stats or not.\n  ## Usage of this setting is discouraged since it will be deprecated in favor of 'total_include'.\n  ## Default value is 'false' for backwards compatibility, please set it to 'true' so that 'total_include' setting\n  ## is honored.\n  total = false\n  #\n  ## Specifies for which classes a total metric should be issued. Total is an aggregated of the 'perdevice' values.\n  ## Possible values are 'cpu', 'blkio' and 'network'\n  ## Total 'cpu' is reported directly by Docker daemon, and 'network' and 'blkio' totals are aggregated by this plugin.\n  ## Please note that this setting has no effect if 'total' is set to 'false'\n  # total_include = [""cpu"", ""blkio"", ""network""]\n  #\n  ## Which environment variables should we use as a tag\n  ##tag_env = [""JAVA_HOME"", ""HEAP_SIZE""]\n  #\n  ## docker labels to include and exclude as tags.  Globs accepted.\n  ## Note that an empty array for both will include all labels as tags\n  docker_label_include = []\n  docker_label_exclude = []\n  #\n  ## Optional TLS Config\n  # tls_ca = ""/etc/telegraf/ca.pem""\n  # tls_cert = ""/etc/telegraf/cert.pem""\n  # tls_key = ""/etc/telegraf/key.pem""\n  ## Use TLS but skip chain & host verification\n  # insecure_skip_verify = false\n`"
test41_t1168_s04	41	1168	4	supported	supported	True	same_identifier	raw_string_literal_content	raw_string_literal_content	"`[[inputs.%s]]\n  ## Docker Endpoint\n  ##   To use TCP, set endpoint = ""tcp://[ip]:[port]""\n  ##   To use environment variables (ie, docker-machine), set endpoint = ""ENV""\n  endpoint = ""%s""\n  #\n  ## Set to true to collect Swarm metrics(desired_replicas, running_replicas)\n  gather_services = false\n  #\n  ## Only collect metrics for these containers, collect all if empty\n  container_names = []\n  #\n  ## Set the source tag for the metrics to the container ID hostname, eg first 12 chars\n  source_tag = false\n  #\n  ## Containers to include and exclude. Globs accepted.\n  ## Note that an empty array for both will include all containers\n  container_name_include = []\n  container_name_exclude = []\n  #\n  ## Container states to include and exclude. Globs accepted.\n  ## When empty only containers in the ""running"" state will be captured.\n  ## example: container_state_include = [""created"", ""restarting"", ""running"", ""removing"", ""paused"", ""exited"", ""dead""]\n  ## example: container_state_exclude = [""created"", ""restarting"", ""running"", ""removing"", ""paused"", ""exited"", ""dead""]\n  # container_state_include = []\n  # container_state_exclude = []\n  #\n  ## Timeout for docker list, info, and stats commands\n  timeout = ""5s""\n  #\n  ## Whether to report for each container per-device blkio (8:0, 8:1...),\n  ## network (eth0, eth1, ...) and cpu (cpu0, cpu1, ...) stats or not.\n  ## Usage of this setting is discouraged since it will be deprecated in favor of 'perdevice_include'. \n  ## Set to true to report for each container per device blkio, network (eth0, eth1,...)   #\n  ## Specifies for which classes a per-device metric should be issued\n  ## Possible values are 'cpu' (cpu0, cpu1, ...), 'blkio' (8:0, 8:1, ...) and 'network' (eth0, eth1, ...)\n  ## Please note that this setting has no effect if 'perdevice' is set to 'true'\n  # perdevice_include = [""cpu""]\n  #\n  ## Whether to report for each container total blkio and network stats or not.\n  ## Usage of this setting is discouraged since it will be deprecated in favor of 'total_include'.\n  ## Default value is 'false' for backwards compatibility, please set it to 'true' so that 'total_include' setting\n  ## is honored.\n  total = false\n  #\n  ## Specifies for which classes a total metric should be issued. Total is an aggregated of the 'perdevice' values.\n  ## Possible values are 'cpu', 'blkio' and 'network'\n  ## Total 'cpu' is reported directly by Docker daemon, and 'network' and 'blkio' totals are aggregated by this plugin.\n  ## Please note that this setting has no effect if 'total' is set to 'false'\n  # total_include = [""cpu"", ""blkio"", ""network""]\n  #\n  ## Which environment variables should we use as a tag\n  ##tag_env = [""JAVA_HOME"", ""HEAP_SIZE""]\n  #\n  ## docker labels to include and exclude as tags.  Globs accepted.\n  ## Note that an empty array for both will include all labels as tags\n  docker_label_include = []\n  docker_label_exclude = []\n  #\n  ## Optional TLS Config\n  # tls_ca = ""/etc/telegraf/ca.pem""\n  # tls_cert = ""/etc/telegraf/cert.pem""\n  # tls_key = ""/etc/telegraf/key.pem""\n  ## Use TLS but skip chain & host verification\n  # insecure_skip_verify = false\n`"	"`[[inputs.%s]]\n  ## Docker Endpoint\n  ##   To use TCP, set endpoint = ""tcp://[ip]:[port]""\n  ##   To use environment variables (ie, docker-machine), set endpoint = ""ENV""\n  endpoint = ""%s""\n  #\n  ## Set to true to collect Swarm metrics(desired_replicas, running_replicas)\n  gather_services = false\n  #\n  ## Only collect metrics for these containers, collect all if empty\n  container_names = []\n  #\n  ## Set the source tag for the metrics to the container ID hostname, eg first 12 chars\n  source_tag = false\n  #\n  ## Containers to include and exclude. Globs accepted.\n  ## Note that an empty array for both will include all containers\n  container_name_include = []\n  container_name_exclude = []\n  #\n  ## Container states to include and exclude. Globs accepted.\n  ## When empty only containers in the ""running"" state will be captured.\n  ## example: container_state_include = [""created"", ""restarting"", ""running"", ""removing"", ""paused"", ""exited"", ""dead""]\n  ## example: container_state_exclude = [""created"", ""restarting"", ""running"", ""removing"", ""paused"", ""exited"", ""dead""]\n  # container_state_include = []\n  # container_state_exclude = []\n  #\n  ## Timeout for docker list, info, and stats commands\n  timeout = ""5s""\n  #\n  ## Whether to report for each container per-device blkio (8:0, 8:1...),\n  ## network (eth0, eth1, ...) and cpu (cpu0, cpu1, ...) stats or not.\n  ## Usage of this setting is discouraged since it will be deprecated in favor of 'perdevice_include'. \n  ## Set to true to report for each container per device blkio, network (eth0, eth1,...)   #\n  ## Specifies for which classes a per-device metric should be issued\n  ## Possible values are 'cpu' (cpu0, cpu1, ...), 'blkio' (8:0, 8:1, ...) and 'network' (eth0, eth1, ...)\n  ## Please note that this setting has no effect if 'perdevice' is set to 'true'\n  # perdevice_include = [""cpu""]\n  #\n  ## Whether to report for each container total blkio and network stats or not.\n  ## Usage of this setting is discouraged since it will be deprecated in favor of 'total_include'.\n  ## Default value is 'false' for backwards compatibility, please set it to 'true' so that 'total_include' setting\n  ## is honored.\n  total = false\n  #\n  ## Specifies for which classes a total metric should be issued. Total is an aggregated of the 'perdevice' values.\n  ## Possible values are 'cpu', 'blkio' and 'network'\n  ## Total 'cpu' is reported directly by Docker daemon, and 'network' and 'blkio' totals are aggregated by this plugin.\n  ## Please note that this setting has no effect if 'total' is set to 'false'\n  # total_include = [""cpu"", ""blkio"", ""network""]\n  #\n  ## Which environment variables should we use as a tag\n  ##tag_env = [""JAVA_HOME"", ""HEAP_SIZE""]\n  #\n  ## docker labels to include and exclude as tags.  Globs accepted.\n  ## Note that an empty array for both will include all labels as tags\n  docker_label_include = []\n  docker_label_exclude = []\n  #\n  ## Optional TLS Config\n  # tls_ca = ""/etc/telegraf/ca.pem""\n  # tls_cert = ""/etc/telegraf/cert.pem""\n  # tls_key = ""/etc/telegraf/key.pem""\n  ## Use TLS but skip chain & host verification\n  # insecure_skip_verify = false\n`"
test41_t1168_s05	41	1168	5	supported	supported	True	same_identifier	raw_string_literal_content	raw_string_literal_content	"`[[inputs.%s]]\n  ## Docker Endpoint\n  ##   To use TCP, set endpoint = ""tcp://[ip]:[port]""\n  ##   To use environment variables (ie, docker-machine), set endpoint = ""ENV""\n  endpoint = ""%s""\n  #\n  ## Set to true to collect Swarm metrics(desired_replicas, running_replicas)\n  gather_services = false\n  #\n  ## Only collect metrics for these containers, collect all if empty\n  container_names = []\n  #\n  ## Set the source tag for the metrics to the container ID hostname, eg first 12 chars\n  source_tag = false\n  #\n  ## Containers to include and exclude. Globs accepted.\n  ## Note that an empty array for both will include all containers\n  container_name_include = []\n  container_name_exclude = []\n  #\n  ## Container states to include and exclude. Globs accepted.\n  ## When empty only containers in the ""running"" state will be captured.\n  ## example: container_state_include = [""created"", ""restarting"", ""running"", ""removing"", ""paused"", ""exited"", ""dead""]\n  ## example: container_state_exclude = [""created"", ""restarting"", ""running"", ""removing"", ""paused"", ""exited"", ""dead""]\n  # container_state_include = []\n  # container_state_exclude = []\n  #\n  ## Timeout for docker list, info, and stats commands\n  timeout = ""5s""\n  #\n  ## Whether to report for each container per-device blkio (8:0, 8:1...),\n  ## network (eth0, eth1, ...) and cpu (cpu0, cpu1, ...) stats or not.\n  ## Usage of this setting is discouraged since it will be deprecated in favor of 'perdevice_include'. \n  ## Set to true to report for each container per device blkio, network (eth0, eth1,...)   #\n  ## Specifies for which classes a per-device metric should be issued\n  ## Possible values are 'cpu' (cpu0, cpu1, ...), 'blkio' (8:0, 8:1, ...) and 'network' (eth0, eth1, ...)\n  ## Please note that this setting has no effect if 'perdevice' is set to 'true'\n  # perdevice_include = [""cpu""]\n  #\n  ## Whether to report for each container total blkio and network stats or not.\n  ## Usage of this setting is discouraged since it will be deprecated in favor of 'total_include'.\n  ## Default value is 'false' for backwards compatibility, please set it to 'true' so that 'total_include' setting\n  ## is honored.\n  total = false\n  #\n  ## Specifies for which classes a total metric should be issued. Total is an aggregated of the 'perdevice' values.\n  ## Possible values are 'cpu', 'blkio' and 'network'\n  ## Total 'cpu' is reported directly by Docker daemon, and 'network' and 'blkio' totals are aggregated by this plugin.\n  ## Please note that this setting has no effect if 'total' is set to 'false'\n  # total_include = [""cpu"", ""blkio"", ""network""]\n  #\n  ## Which environment variables should we use as a tag\n  ##tag_env = [""JAVA_HOME"", ""HEAP_SIZE""]\n  #\n  ## docker labels to include and exclude as tags.  Globs accepted.\n  ## Note that an empty array for both will include all labels as tags\n  docker_label_include = []\n  docker_label_exclude = []\n  #\n  ## Optional TLS Config\n  # tls_ca = ""/etc/telegraf/ca.pem""\n  # tls_cert = ""/etc/telegraf/cert.pem""\n  # tls_key = ""/etc/telegraf/key.pem""\n  ## Use TLS but skip chain & host verification\n  # insecure_skip_verify = false\n`"	"`[[inputs.%s]]\n  ## Docker Endpoint\n  ##   To use TCP, set endpoint = ""tcp://[ip]:[port]""\n  ##   To use environment variables (ie, docker-machine), set endpoint = ""ENV""\n  endpoint = ""%s""\n  #\n  ## Set to true to collect Swarm metrics(desired_replicas, running_replicas)\n  gather_services = false\n  #\n  ## Only collect metrics for these containers, collect all if empty\n  container_names = []\n  #\n  ## Set the source tag for the metrics to the container ID hostname, eg first 12 chars\n  source_tag = false\n  #\n  ## Containers to include and exclude. Globs accepted.\n  ## Note that an empty array for both will include all containers\n  container_name_include = []\n  container_name_exclude = []\n  #\n  ## Container states to include and exclude. Globs accepted.\n  ## When empty only containers in the ""running"" state will be captured.\n  ## example: container_state_include = [""created"", ""restarting"", ""running"", ""removing"", ""paused"", ""exited"", ""dead""]\n  ## example: container_state_exclude = [""created"", ""restarting"", ""running"", ""removing"", ""paused"", ""exited"", ""dead""]\n  # container_state_include = []\n  # container_state_exclude = []\n  #\n  ## Timeout for docker list, info, and stats commands\n  timeout = ""5s""\n  #\n  ## Whether to report for each container per-device blkio (8:0, 8:1...),\n  ## network (eth0, eth1, ...) and cpu (cpu0, cpu1, ...) stats or not.\n  ## Usage of this setting is discouraged since it will be deprecated in favor of 'perdevice_include'. \n  ## Set to true to report for each container per device blkio, network (eth0, eth1,...)   #\n  ## Specifies for which classes a per-device metric should be issued\n  ## Possible values are 'cpu' (cpu0, cpu1, ...), 'blkio' (8:0, 8:1, ...) and 'network' (eth0, eth1, ...)\n  ## Please note that this setting has no effect if 'perdevice' is set to 'true'\n  # perdevice_include = [""cpu""]\n  #\n  ## Whether to report for each container total blkio and network stats or not.\n  ## Usage of this setting is discouraged since it will be deprecated in favor of 'total_include'.\n  ## Default value is 'false' for backwards compatibility, please set it to 'true' so that 'total_include' setting\n  ## is honored.\n  total = false\n  #\n  ## Specifies for which classes a total metric should be issued. Total is an aggregated of the 'perdevice' values.\n  ## Possible values are 'cpu', 'blkio' and 'network'\n  ## Total 'cpu' is reported directly by Docker daemon, and 'network' and 'blkio' totals are aggregated by this plugin.\n  ## Please note that this setting has no effect if 'total' is set to 'false'\n  # total_include = [""cpu"", ""blkio"", ""network""]\n  #\n  ## Which environment variables should we use as a tag\n  ##tag_env = [""JAVA_HOME"", ""HEAP_SIZE""]\n  #\n  ## docker labels to include and exclude as tags.  Globs accepted.\n  ## Note that an empty array for both will include all labels as tags\n  docker_label_include = []\n  docker_label_exclude = []\n  #\n  ## Optional TLS Config\n  # tls_ca = ""/etc/telegraf/ca.pem""\n  # tls_cert = ""/etc/telegraf/cert.pem""\n  # tls_key = ""/etc/telegraf/key.pem""\n  ## Use TLS but skip chain & host verification\n  # insecure_skip_verify = false\n`"
test41_t1168_s06	41	1168	6	supported	supported	True	same_identifier	raw_string_literal_content	raw_string_literal_content	"`[[inputs.%s]]\n  ## Docker Endpoint\n  ##   To use TCP, set endpoint = ""tcp://[ip]:[port]""\n  ##   To use environment variables (ie, docker-machine), set endpoint = ""ENV""\n  endpoint = ""%s""\n  #\n  ## Set to true to collect Swarm metrics(desired_replicas, running_replicas)\n  gather_services = false\n  #\n  ## Only collect metrics for these containers, collect all if empty\n  container_names = []\n  #\n  ## Set the source tag for the metrics to the container ID hostname, eg first 12 chars\n  source_tag = false\n  #\n  ## Containers to include and exclude. Globs accepted.\n  ## Note that an empty array for both will include all containers\n  container_name_include = []\n  container_name_exclude = []\n  #\n  ## Container states to include and exclude. Globs accepted.\n  ## When empty only containers in the ""running"" state will be captured.\n  ## example: container_state_include = [""created"", ""restarting"", ""running"", ""removing"", ""paused"", ""exited"", ""dead""]\n  ## example: container_state_exclude = [""created"", ""restarting"", ""running"", ""removing"", ""paused"", ""exited"", ""dead""]\n  # container_state_include = []\n  # container_state_exclude = []\n  #\n  ## Timeout for docker list, info, and stats commands\n  timeout = ""5s""\n  #\n  ## Whether to report for each container per-device blkio (8:0, 8:1...),\n  ## network (eth0, eth1, ...) and cpu (cpu0, cpu1, ...) stats or not.\n  ## Usage of this setting is discouraged since it will be deprecated in favor of 'perdevice_include'. \n  ## Set to true to report for each container per device blkio, network (eth0, eth1,...)   #\n  ## Specifies for which classes a per-device metric should be issued\n  ## Possible values are 'cpu' (cpu0, cpu1, ...), 'blkio' (8:0, 8:1, ...) and 'network' (eth0, eth1, ...)\n  ## Please note that this setting has no effect if 'perdevice' is set to 'true'\n  # perdevice_include = [""cpu""]\n  #\n  ## Whether to report for each container total blkio and network stats or not.\n  ## Usage of this setting is discouraged since it will be deprecated in favor of 'total_include'.\n  ## Default value is 'false' for backwards compatibility, please set it to 'true' so that 'total_include' setting\n  ## is honored.\n  total = false\n  #\n  ## Specifies for which classes a total metric should be issued. Total is an aggregated of the 'perdevice' values.\n  ## Possible values are 'cpu', 'blkio' and 'network'\n  ## Total 'cpu' is reported directly by Docker daemon, and 'network' and 'blkio' totals are aggregated by this plugin.\n  ## Please note that this setting has no effect if 'total' is set to 'false'\n  # total_include = [""cpu"", ""blkio"", ""network""]\n  #\n  ## Which environment variables should we use as a tag\n  ##tag_env = [""JAVA_HOME"", ""HEAP_SIZE""]\n  #\n  ## docker labels to include and exclude as tags.  Globs accepted.\n  ## Note that an empty array for both will include all labels as tags\n  docker_label_include = []\n  docker_label_exclude = []\n  #\n  ## Optional TLS Config\n  # tls_ca = ""/etc/telegraf/ca.pem""\n  # tls_cert = ""/etc/telegraf/cert.pem""\n  # tls_key = ""/etc/telegraf/key.pem""\n  ## Use TLS but skip chain & host verification\n  # insecure_skip_verify = false\n`"	"`[[inputs.%s]]\n  ## Docker Endpoint\n  ##   To use TCP, set endpoint = ""tcp://[ip]:[port]""\n  ##   To use environment variables (ie, docker-machine), set endpoint = ""ENV""\n  endpoint = ""%s""\n  #\n  ## Set to true to collect Swarm metrics(desired_replicas, running_replicas)\n  gather_services = false\n  #\n  ## Only collect metrics for these containers, collect all if empty\n  container_names = []\n  #\n  ## Set the source tag for the metrics to the container ID hostname, eg first 12 chars\n  source_tag = false\n  #\n  ## Containers to include and exclude. Globs accepted.\n  ## Note that an empty array for both will include all containers\n  container_name_include = []\n  container_name_exclude = []\n  #\n  ## Container states to include and exclude. Globs accepted.\n  ## When empty only containers in the ""running"" state will be captured.\n  ## example: container_state_include = [""created"", ""restarting"", ""running"", ""removing"", ""paused"", ""exited"", ""dead""]\n  ## example: container_state_exclude = [""created"", ""restarting"", ""running"", ""removing"", ""paused"", ""exited"", ""dead""]\n  # container_state_include = []\n  # container_state_exclude = []\n  #\n  ## Timeout for docker list, info, and stats commands\n  timeout = ""5s""\n  #\n  ## Whether to report for each container per-device blkio (8:0, 8:1...),\n  ## network (eth0, eth1, ...) and cpu (cpu0, cpu1, ...) stats or not.\n  ## Usage of this setting is discouraged since it will be deprecated in favor of 'perdevice_include'. \n  ## Set to true to report for each container per device blkio, network (eth0, eth1,...)   #\n  ## Specifies for which classes a per-device metric should be issued\n  ## Possible values are 'cpu' (cpu0, cpu1, ...), 'blkio' (8:0, 8:1, ...) and 'network' (eth0, eth1, ...)\n  ## Please note that this setting has no effect if 'perdevice' is set to 'true'\n  # perdevice_include = [""cpu""]\n  #\n  ## Whether to report for each container total blkio and network stats or not.\n  ## Usage of this setting is discouraged since it will be deprecated in favor of 'total_include'.\n  ## Default value is 'false' for backwards compatibility, please set it to 'true' so that 'total_include' setting\n  ## is honored.\n  total = false\n  #\n  ## Specifies for which classes a total metric should be issued. Total is an aggregated of the 'perdevice' values.\n  ## Possible values are 'cpu', 'blkio' and 'network'\n  ## Total 'cpu' is reported directly by Docker daemon, and 'network' and 'blkio' totals are aggregated by this plugin.\n  ## Please note that this setting has no effect if 'total' is set to 'false'\n  # total_include = [""cpu"", ""blkio"", ""network""]\n  #\n  ## Which environment variables should we use as a tag\n  ##tag_env = [""JAVA_HOME"", ""HEAP_SIZE""]\n  #\n  ## docker labels to include and exclude as tags.  Globs accepted.\n  ## Note that an empty array for both will include all labels as tags\n  docker_label_include = []\n  docker_label_exclude = []\n  #\n  ## Optional TLS Config\n  # tls_ca = ""/etc/telegraf/ca.pem""\n  # tls_cert = ""/etc/telegraf/cert.pem""\n  # tls_key = ""/etc/telegraf/key.pem""\n  ## Use TLS but skip chain & host verification\n  # insecure_skip_verify = false\n`"
test41_t1168_s07	41	1168	7	spurious	spurious	False	unmapped				
test41_t1168_s08	41	1168	8	supported	supported	True	same_identifier	raw_string_literal_content	raw_string_literal_content	"`[[inputs.%s]]\n  ## Docker Endpoint\n  ##   To use TCP, set endpoint = ""tcp://[ip]:[port]""\n  ##   To use environment variables (ie, docker-machine), set endpoint = ""ENV""\n  endpoint = ""%s""\n  #\n  ## Set to true to collect Swarm metrics(desired_replicas, running_replicas)\n  gather_services = false\n  #\n  ## Only collect metrics for these containers, collect all if empty\n  container_names = []\n  #\n  ## Set the source tag for the metrics to the container ID hostname, eg first 12 chars\n  source_tag = false\n  #\n  ## Containers to include and exclude. Globs accepted.\n  ## Note that an empty array for both will include all containers\n  container_name_include = []\n  container_name_exclude = []\n  #\n  ## Container states to include and exclude. Globs accepted.\n  ## When empty only containers in the ""running"" state will be captured.\n  ## example: container_state_include = [""created"", ""restarting"", ""running"", ""removing"", ""paused"", ""exited"", ""dead""]\n  ## example: container_state_exclude = [""created"", ""restarting"", ""running"", ""removing"", ""paused"", ""exited"", ""dead""]\n  # container_state_include = []\n  # container_state_exclude = []\n  #\n  ## Timeout for docker list, info, and stats commands\n  timeout = ""5s""\n  #\n  ## Whether to report for each container per-device blkio (8:0, 8:1...),\n  ## network (eth0, eth1, ...) and cpu (cpu0, cpu1, ...) stats or not.\n  ## Usage of this setting is discouraged since it will be deprecated in favor of 'perdevice_include'. \n  ## Set to true to report for each container per device blkio, network (eth0, eth1,...)   #\n  ## Specifies for which classes a per-device metric should be issued\n  ## Possible values are 'cpu' (cpu0, cpu1, ...), 'blkio' (8:0, 8:1, ...) and 'network' (eth0, eth1, ...)\n  ## Please note that this setting has no effect if 'perdevice' is set to 'true'\n  # perdevice_include = [""cpu""]\n  #\n  ## Whether to report for each container total blkio and network stats or not.\n  ## Usage of this setting is discouraged since it will be deprecated in favor of 'total_include'.\n  ## Default value is 'false' for backwards compatibility, please set it to 'true' so that 'total_include' setting\n  ## is honored.\n  total = false\n  #\n  ## Specifies for which classes a total metric should be issued. Total is an aggregated of the 'perdevice' values.\n  ## Possible values are 'cpu', 'blkio' and 'network'\n  ## Total 'cpu' is reported directly by Docker daemon, and 'network' and 'blkio' totals are aggregated by this plugin.\n  ## Please note that this setting has no effect if 'total' is set to 'false'\n  # total_include = [""cpu"", ""blkio"", ""network""]\n  #\n  ## Which environment variables should we use as a tag\n  ##tag_env = [""JAVA_HOME"", ""HEAP_SIZE""]\n  #\n  ## docker labels to include and exclude as tags.  Globs accepted.\n  ## Note that an empty array for both will include all labels as tags\n  docker_label_include = []\n  docker_label_exclude = []\n  #\n  ## Optional TLS Config\n  # tls_ca = ""/etc/telegraf/ca.pem""\n  # tls_cert = ""/etc/telegraf/cert.pem""\n  # tls_key = ""/etc/telegraf/key.pem""\n  ## Use TLS but skip chain & host verification\n  # insecure_skip_verify = false\n`"	"`[[inputs.%s]]\n  ## Docker Endpoint\n  ##   To use TCP, set endpoint = ""tcp://[ip]:[port]""\n  ##   To use environment variables (ie, docker-machine), set endpoint = ""ENV""\n  endpoint = ""%s""\n  #\n  ## Set to true to collect Swarm metrics(desired_replicas, running_replicas)\n  gather_services = false\n  #\n  ## Only collect metrics for these containers, collect all if empty\n  container_names = []\n  #\n  ## Set the source tag for the metrics to the container ID hostname, eg first 12 chars\n  source_tag = false\n  #\n  ## Containers to include and exclude. Globs accepted.\n  ## Note that an empty array for both will include all containers\n  container_name_include = []\n  container_name_exclude = []\n  #\n  ## Container states to include and exclude. Globs accepted.\n  ## When empty only containers in the ""running"" state will be captured.\n  ## example: container_state_include = [""created"", ""restarting"", ""running"", ""removing"", ""paused"", ""exited"", ""dead""]\n  ## example: container_state_exclude = [""created"", ""restarting"", ""running"", ""removing"", ""paused"", ""exited"", ""dead""]\n  # container_state_include = []\n  # container_state_exclude = []\n  #\n  ## Timeout for docker list, info, and stats commands\n  timeout = ""5s""\n  #\n  ## Whether to report for each container per-device blkio (8:0, 8:1...),\n  ## network (eth0, eth1, ...) and cpu (cpu0, cpu1, ...) stats or not.\n  ## Usage of this setting is discouraged since it will be deprecated in favor of 'perdevice_include'. \n  ## Set to true to report for each container per device blkio, network (eth0, eth1,...)   #\n  ## Specifies for which classes a per-device metric should be issued\n  ## Possible values are 'cpu' (cpu0, cpu1, ...), 'blkio' (8:0, 8:1, ...) and 'network' (eth0, eth1, ...)\n  ## Please note that this setting has no effect if 'perdevice' is set to 'true'\n  # perdevice_include = [""cpu""]\n  #\n  ## Whether to report for each container total blkio and network stats or not.\n  ## Usage of this setting is discouraged since it will be deprecated in favor of 'total_include'.\n  ## Default value is 'false' for backwards compatibility, please set it to 'true' so that 'total_include' setting\n  ## is honored.\n  total = false\n  #\n  ## Specifies for which classes a total metric should be issued. Total is an aggregated of the 'perdevice' values.\n  ## Possible values are 'cpu', 'blkio' and 'network'\n  ## Total 'cpu' is reported directly by Docker daemon, and 'network' and 'blkio' totals are aggregated by this plugin.\n  ## Please note that this setting has no effect if 'total' is set to 'false'\n  # total_include = [""cpu"", ""blkio"", ""network""]\n  #\n  ## Which environment variables should we use as a tag\n  ##tag_env = [""JAVA_HOME"", ""HEAP_SIZE""]\n  #\n  ## docker labels to include and exclude as tags.  Globs accepted.\n  ## Note that an empty array for both will include all labels as tags\n  docker_label_include = []\n  docker_label_exclude = []\n  #\n  ## Optional TLS Config\n  # tls_ca = ""/etc/telegraf/ca.pem""\n  # tls_cert = ""/etc/telegraf/cert.pem""\n  # tls_key = ""/etc/telegraf/key.pem""\n  ## Use TLS but skip chain & host verification\n  # insecure_skip_verify = false\n`"
test41_t1168_s09	41	1168	9	spurious	spurious	False	unmapped				
test41_t1168_s10	41	1168	10	supported	supported	True	same_identifier	raw_string_literal_content	raw_string_literal_content	"`[[inputs.%s]]\n  ## Docker Endpoint\n  ##   To use TCP, set endpoint = ""tcp://[ip]:[port]""\n  ##   To use environment variables (ie, docker-machine), set endpoint = ""ENV""\n  endpoint = ""%s""\n  #\n  ## Set to true to collect Swarm metrics(desired_replicas, running_replicas)\n  gather_services = false\n  #\n  ## Only collect metrics for these containers, collect all if empty\n  container_names = []\n  #\n  ## Set the source tag for the metrics to the container ID hostname, eg first 12 chars\n  source_tag = false\n  #\n  ## Containers to include and exclude. Globs accepted.\n  ## Note that an empty array for both will include all containers\n  container_name_include = []\n  container_name_exclude = []\n  #\n  ## Container states to include and exclude. Globs accepted.\n  ## When empty only containers in the ""running"" state will be captured.\n  ## example: container_state_include = [""created"", ""restarting"", ""running"", ""removing"", ""paused"", ""exited"", ""dead""]\n  ## example: container_state_exclude = [""created"", ""restarting"", ""running"", ""removing"", ""paused"", ""exited"", ""dead""]\n  # container_state_include = []\n  # container_state_exclude = []\n  #\n  ## Timeout for docker list, info, and stats commands\n  timeout = ""5s""\n  #\n  ## Whether to report for each container per-device blkio (8:0, 8:1...),\n  ## network (eth0, eth1, ...) and cpu (cpu0, cpu1, ...) stats or not.\n  ## Usage of this setting is discouraged since it will be deprecated in favor of 'perdevice_include'. \n  ## Set to true to report for each container per device blkio, network (eth0, eth1,...)   #\n  ## Specifies for which classes a per-device metric should be issued\n  ## Possible values are 'cpu' (cpu0, cpu1, ...), 'blkio' (8:0, 8:1, ...) and 'network' (eth0, eth1, ...)\n  ## Please note that this setting has no effect if 'perdevice' is set to 'true'\n  # perdevice_include = [""cpu""]\n  #\n  ## Whether to report for each container total blkio and network stats or not.\n  ## Usage of this setting is discouraged since it will be deprecated in favor of 'total_include'.\n  ## Default value is 'false' for backwards compatibility, please set it to 'true' so that 'total_include' setting\n  ## is honored.\n  total = false\n  #\n  ## Specifies for which classes a total metric should be issued. Total is an aggregated of the 'perdevice' values.\n  ## Possible values are 'cpu', 'blkio' and 'network'\n  ## Total 'cpu' is reported directly by Docker daemon, and 'network' and 'blkio' totals are aggregated by this plugin.\n  ## Please note that this setting has no effect if 'total' is set to 'false'\n  # total_include = [""cpu"", ""blkio"", ""network""]\n  #\n  ## Which environment variables should we use as a tag\n  ##tag_env = [""JAVA_HOME"", ""HEAP_SIZE""]\n  #\n  ## docker labels to include and exclude as tags.  Globs accepted.\n  ## Note that an empty array for both will include all labels as tags\n  docker_label_include = []\n  docker_label_exclude = []\n  #\n  ## Optional TLS Config\n  # tls_ca = ""/etc/telegraf/ca.pem""\n  # tls_cert = ""/etc/telegraf/cert.pem""\n  # tls_key = ""/etc/telegraf/key.pem""\n  ## Use TLS but skip chain & host verification\n  # insecure_skip_verify = false\n`"	"`[[inputs.%s]]\n  ## Docker Endpoint\n  ##   To use TCP, set endpoint = ""tcp://[ip]:[port]""\n  ##   To use environment variables (ie, docker-machine), set endpoint = ""ENV""\n  endpoint = ""%s""\n  #\n  ## Set to true to collect Swarm metrics(desired_replicas, running_replicas)\n  gather_services = false\n  #\n  ## Only collect metrics for these containers, collect all if empty\n  container_names = []\n  #\n  ## Set the source tag for the metrics to the container ID hostname, eg first 12 chars\n  source_tag = false\n  #\n  ## Containers to include and exclude. Globs accepted.\n  ## Note that an empty array for both will include all containers\n  container_name_include = []\n  container_name_exclude = []\n  #\n  ## Container states to include and exclude. Globs accepted.\n  ## When empty only containers in the ""running"" state will be captured.\n  ## example: container_state_include = [""created"", ""restarting"", ""running"", ""removing"", ""paused"", ""exited"", ""dead""]\n  ## example: container_state_exclude = [""created"", ""restarting"", ""running"", ""removing"", ""paused"", ""exited"", ""dead""]\n  # container_state_include = []\n  # container_state_exclude = []\n  #\n  ## Timeout for docker list, info, and stats commands\n  timeout = ""5s""\n  #\n  ## Whether to report for each container per-device blkio (8:0, 8:1...),\n  ## network (eth0, eth1, ...) and cpu (cpu0, cpu1, ...) stats or not.\n  ## Usage of this setting is discouraged since it will be deprecated in favor of 'perdevice_include'. \n  ## Set to true to report for each container per device blkio, network (eth0, eth1,...)   #\n  ## Specifies for which classes a per-device metric should be issued\n  ## Possible values are 'cpu' (cpu0, cpu1, ...), 'blkio' (8:0, 8:1, ...) and 'network' (eth0, eth1, ...)\n  ## Please note that this setting has no effect if 'perdevice' is set to 'true'\n  # perdevice_include = [""cpu""]\n  #\n  ## Whether to report for each container total blkio and network stats or not.\n  ## Usage of this setting is discouraged since it will be deprecated in favor of 'total_include'.\n  ## Default value is 'false' for backwards compatibility, please set it to 'true' so that 'total_include' setting\n  ## is honored.\n  total = false\n  #\n  ## Specifies for which classes a total metric should be issued. Total is an aggregated of the 'perdevice' values.\n  ## Possible values are 'cpu', 'blkio' and 'network'\n  ## Total 'cpu' is reported directly by Docker daemon, and 'network' and 'blkio' totals are aggregated by this plugin.\n  ## Please note that this setting has no effect if 'total' is set to 'false'\n  # total_include = [""cpu"", ""blkio"", ""network""]\n  #\n  ## Which environment variables should we use as a tag\n  ##tag_env = [""JAVA_HOME"", ""HEAP_SIZE""]\n  #\n  ## docker labels to include and exclude as tags.  Globs accepted.\n  ## Note that an empty array for both will include all labels as tags\n  docker_label_include = []\n  docker_label_exclude = []\n  #\n  ## Optional TLS Config\n  # tls_ca = ""/etc/telegraf/ca.pem""\n  # tls_cert = ""/etc/telegraf/cert.pem""\n  # tls_key = ""/etc/telegraf/key.pem""\n  ## Use TLS but skip chain & host verification\n  # insecure_skip_verify = false\n`"
test49_t1809_s01	49	1809	1	spurious	spurious	False	unmapped				
test49_t1809_s02	49	1809	2	spurious	spurious	False	unmapped				
test49_t1809_s03	49	1809	3	spurious	supported	True	control_dependency	type_assertion_expression	if_statement		
test49_t1809_s04	49	1809	4	spurious	spurious	True	unsupported	type_identifier	if_statement	Mock	
test49_t1809_s05	49	1809	5	spurious	spurious	True	unsupported	method_declaration	if_statement		
test49_t1809_s06	49	1809	6	spurious	spurious	True	unsupported	function_declaration	if_statement		
test49_t1809_s07	49	1809	7	spurious	supported	True	control_dependency	type_identifier	if_statement	Mock	
test49_t1809_s08	49	1809	8	spurious	spurious	False	unmapped				
test49_t1809_s09	49	1809	9	spurious	spurious	False	unmapped				
test49_t1809_s10	49	1809	10	spurious	spurious	True	unsupported	identifier	if_statement	AssertExpectationsForObjects	
test51_t1144_s01	51	1144	1	spurious	spurious	False	unmapped				
test51_t1144_s02	51	1144	2	spurious	spurious	False	unmapped				
test51_t1144_s03	51	1144	3	spurious	spurious	False	unmapped				
test51_t1144_s04	51	1144	4	spurious	spurious	False	unmapped				
test51_t1144_s05	51	1144	5	spurious	spurious	False	unmapped				
test51_t1144_s06	51	1144	6	spurious	spurious	False	unmapped				
test51_t1144_s07	51	1144	7	spurious	spurious	True	unsupported	slice_type	identifier		b
test51_t1144_s08	51	1144	8	spurious	spurious	False	unmapped				
test51_t1144_s09	51	1144	9	supported	supported	True	same_identifier	identifier	identifier	b	b
test51_t1144_s10	51	1144	10	spurious	spurious	False	unmapped				
test53_t555_s01	53	555	1	spurious	spurious	True	unsupported	function_declaration	identifier		compType
test53_t555_s02	53	555	2	spurious	spurious	False	unmapped				
test53_t555_s03	53	555	3	spurious	supported	True	control_dependency	package_identifier	identifier	reflect	compType
test53_t555_s04	53	555	4	spurious	spurious	False	unmapped				
test53_t555_s05	53	555	5	spurious	spurious	False	unmapped				
test53_t555_s06	53	555	6	spurious	supported	True	control_dependency	short_var_declaration	identifier		compType
test53_t555_s07	53	555	7	spurious	supported	True	control_dependency	qualified_type	identifier		compType
test53_t555_s08	53	555	8	spurious	supported	True	control_dependency	if_statement	identifier		compType
test53_t555_s09	53	555	9	spurious	spurious	False	unmapped				
test53_t555_s10	53	555	10	spurious	supported	True	control_dependency	identifier	identifier	typ	compType
test55_t477_s01	55	477	1	spurious	supported	True	same_statement	package_identifier	raw_string_literal_content	cobra	"`Txn reads multiple etcd requests from standard input and applies them as a single atomic transaction.\n \nIf --interactive option is used, the user can compare keys using the greater than operator "">'.  The format for such a comparison is\n\n    mod(""key \nExample interactive stdin usage:\n\n---\netcdctl txn -i\n# compares:\nmod(""key1"") > ""0""\n\n# success requests (get, put, delete):\nput key1 ""overwrote-key1""\n\n# failure requests (get, put, delete):\nput key1 ""created-key1""\nput key2 ""some extra key""\n---\n\nRefer to https://github.com/etcd-io/etcd/blob/main/etcdctl/README.md#txn-options.`"
test55_t477_s02	55	477	2	spurious	supported	True	same_statement	interpreted_string_literal_content	raw_string_literal_content	"""txn [options]"""	"`Txn reads multiple etcd requests from standard input and applies them as a single atomic transaction.\n \nIf --interactive option is used, the user can compare keys using the greater than operator "">'.  The format for such a comparison is\n\n    mod(""key \nExample interactive stdin usage:\n\n---\netcdctl txn -i\n# compares:\nmod(""key1"") > ""0""\n\n# success requests (get, put, delete):\nput key1 ""overwrote-key1""\n\n# failure requests (get, put, delete):\nput key1 ""created-key1""\nput key2 ""some extra key""\n---\n\nRefer to https://github.com/etcd-io/etcd/blob/main/etcdctl/README.md#txn-options.`"
test55_t477_s03	55	477	3	spurious	spurious	True	unsupported	function_declaration	raw_string_literal_content		"`Txn reads multiple etcd requests from standard input and applies them as a single atomic transaction.\n \nIf --interactive option is used, the user can compare keys using the greater than operator "">'.  The format for such a comparison is\n\n    mod(""key \nExample interactive stdin usage:\n\n---\netcdctl txn -i\n# compares:\nmod(""key1"") > ""0""\n\n# success requests (get, put, delete):\nput key1 ""overwrote-key1""\n\n# failure requests (get, put, delete):\nput key1 ""created-key1""\nput key2 ""some extra key""\n---\n\nRefer to https://github.com/etcd-io/etcd/blob/main/etcdctl/README.md#txn-options.`"
test55_t477_s04	55	477	4	spurious	spurious	False	unmapped				
test55_t477_s05	55	477	5	spurious	spurious	False	unmapped				
test55_t477_s06	55	477	6	supported	supported	True	same_identifier	raw_string_literal_content	raw_string_literal_content	"`Txn reads multiple etcd requests from standard input and applies them as a single atomic transaction.\n \nIf --interactive option is used, the user can compare keys using the greater than operator "">'.  The format for such a comparison is\n\n    mod(""key \nExample interactive stdin usage:\n\n---\netcdctl txn -i\n# compares:\nmod(""key1"") > ""0""\n\n# success requests (get, put, delete):\nput key1 ""overwrote-key1""\n\n# failure requests (get, put, delete):\nput key1 ""created-key1""\nput key2 ""some extra key""\n---\n\nRefer to https://github.com/etcd-io/etcd/blob/main/etcdctl/README.md#txn-options.`"	"`Txn reads multiple etcd requests from standard input and applies them as a single atomic transaction.\n \nIf --interactive option is used, the user can compare keys using the greater than operator "">'.  The format for such a comparison is\n\n    mod(""key \nExample interactive stdin usage:\n\n---\netcdctl txn -i\n# compares:\nmod(""key1"") > ""0""\n\n# success requests (get, put, delete):\nput key1 ""overwrote-key1""\n\n# failure requests (get, put, delete):\nput key1 ""created-key1""\nput key2 ""some extra key""\n---\n\nRefer to https://github.com/etcd-io/etcd/blob/main/etcdctl/README.md#txn-options.`"
test55_t477_s07	55	477	7	spurious	spurious	False	unmapped				
test55_t477_s08	55	477	8	spurious	spurious	False	unmapped				
test55_t477_s09	55	477	9	spurious	supported	True	same_statement	identifier	raw_string_literal_content	Long	"`Txn reads multiple etcd requests from standard input and applies them as a single atomic transaction.\n \nIf --interactive option is used, the user can compare keys using the greater than operator "">'.  The format for such a comparison is\n\n    mod(""key \nExample interactive stdin usage:\n\n---\netcdctl txn -i\n# compares:\nmod(""key1"") > ""0""\n\n# success requests (get, put, delete):\nput key1 ""overwrote-key1""\n\n# failure requests (get, put, delete):\nput key1 ""created-key1""\nput key2 ""some extra key""\n---\n\nRefer to https://github.com/etcd-io/etcd/blob/main/etcdctl/README.md#txn-options.`"
test55_t477_s10	55	477	10	spurious	spurious	False	unmapped				
test57_t1794_s01	57	1794	1	spurious	spurious	True	unsupported	method_declaration	identifier		t
test57_t1794_s02	57	1794	2	supported	supported	True	target_in_source_selector_chain	selector_expression	identifier		t
test57_t1794_s03	57	1794	3	supported	supported	True	target_in_source_selector_chain	selector_expression	identifier		t
test57_t1794_s04	57	1794	4	spurious	supported	True	control_dependency	identifier	identifier	disableTimestamp	t
test57_t1794_s05	57	1794	5	spurious	spurious	False	unmapped				
test57_t1794_s06	57	1794	6	spurious	spurious	False	unmapped				
test57_t1794_s07	57	1794	7	spurious	spurious	False	unmapped				
test57_t1794_s08	57	1794	8	supported	supported	True	target_in_source_selector_chain	field_identifier	identifier	reshardDisableEndTimestamp	t
test57_t1794_s09	57	1794	9	spurious	supported	True	control_dependency	if_statement	identifier		t
test57_t1794_s10	57	1794	10	spurious	spurious	False	unmapped				
test58_t703_s01	58	703	1	spurious	spurious	False	unmapped				
test58_t703_s02	58	703	2	spurious	supported	True	same_statement	identifier	identifier	metrics	metric
test58_t703_s03	58	703	3	spurious	spurious	False	unmapped				
test58_t703_s04	58	703	4	spurious	spurious	False	unmapped				
test58_t703_s05	58	703	5	spurious	spurious	False	unmapped				
test58_t703_s06	58	703	6	spurious	spurious	False	unmapped				
test58_t703_s07	58	703	7	spurious	spurious	False	unmapped				
test58_t703_s08	58	703	8	spurious	spurious	False	unmapped				
test58_t703_s09	58	703	9	spurious	supported	True	same_statement	identifier	identifier	metrics	metric
test58_t703_s10	58	703	10	spurious	spurious	False	unmapped				
test65_t984_s01	65	984	1	spurious	spurious	False	unmapped				
test65_t984_s02	65	984	2	spurious	spurious	False	unmapped				
test65_t984_s03	65	984	3	spurious	spurious	True	unsupported	selector_expression	field_identifier		ReadInterface
test65_t984_s04	65	984	4	spurious	supported	True	same_statement	return_statement	field_identifier		ReadInterface
test65_t984_s05	65	984	5	spurious	spurious	False	unmapped				
test65_t984_s06	65	984	6	spurious	spurious	True	unsupported	field_identifier	field_identifier	BorrowIterator	ReadInterface
test65_t984_s07	65	984	7	spurious	spurious	True	unsupported	field_identifier	field_identifier	BorrowIterator	ReadInterface
test65_t984_s08	65	984	8	spurious	spurious	True	unsupported	defer_statement	field_identifier		ReadInterface
test65_t984_s09	65	984	9	supported	supported	True	source_in_target_selector_chain	identifier	field_identifier	iter	ReadInterface
test65_t984_s10	65	984	10	spurious	spurious	False	unmapped				
test66_t1915_s01	66	1915	1	spurious	spurious	True	unsupported	qualified_type	break_statement		
test66_t1915_s02	66	1915	2	spurious	spurious	True	unsupported	package_identifier	break_statement	bytes	
test66_t1915_s03	66	1915	3	spurious	spurious	True	unsupported	identifier	break_statement	typ	
test66_t1915_s04	66	1915	4	spurious	spurious	True	unsupported	var_declaration	break_statement		
test66_t1915_s05	66	1915	5	spurious	spurious	True	unsupported	comment	break_statement		
test66_t1915_s06	66	1915	6	spurious	supported	True	control_dependency	for_statement	break_statement		
test66_t1915_s07	66	1915	7	spurious	spurious	True	unsupported	comment	break_statement		
test66_t1915_s08	66	1915	8	spurious	supported	True	control_dependency	selector_expression	break_statement		
test66_t1915_s09	66	1915	9	spurious	spurious	True	unsupported	method_declaration	break_statement		
test66_t1915_s10	66	1915	10	spurious	spurious	True	unsupported	comment	break_statement		
test68_t1306_s01	68	1306	1	supported	supported	True	source_in_target_selector_chain	identifier	selector_expression	addr	
test68_t1306_s02	68	1306	2	spurious	spurious	True	unsupported	selector_expression	selector_expression		
test68_t1306_s03	68	1306	3	spurious	supported	True	control_dependency	for_statement	selector_expression		
test68_t1306_s04	68	1306	4	spurious	supported	True	control_dependency	range_clause	selector_expression		
test68_t1306_s05	68	1306	5	spurious	supported	True	same_statement	if_statement	selector_expression		
test68_t1306_s06	68	1306	6	spurious	spurious	True	unsupported	function_declaration	selector_expression		
test68_t1306_s07	68	1306	7	spurious	spurious	True	unsupported	short_var_declaration	selector_expression		
test68_t1306_s08	68	1306	8	spurious	spurious	True	unsupported	field_identifier	selector_expression	LoopbackAddress	
test68_t1306_s09	68	1306	9	spurious	spurious	True	unsupported	field_identifier	selector_expression	RemoteAddresses	
test68_t1306_s10	68	1306	10	spurious	spurious	True	unsupported	field_identifier	selector_expression	LoopbackAddress	
test69_t1081_s01	69	1081	1	spurious	supported	True	control_dependency	selector_expression	identifier		log
test69_t1081_s02	69	1081	2	spurious	spurious	True	unsupported	method_declaration	identifier		log
test69_t1081_s03	69	1081	3	spurious	spurious	False	unmapped				
test69_t1081_s04	69	1081	4	spurious	supported	True	control_dependency	argument_list	identifier		log
test69_t1081_s05	69	1081	5	spurious	supported	True	control_dependency	nil	identifier		log
test69_t1081_s06	69	1081	6	spurious	supported	True	control_dependency	short_var_declaration	identifier		log
test69_t1081_s07	69	1081	7	spurious	spurious	True	unsupported	method_declaration	identifier		log
test69_t1081_s08	69	1081	8	spurious	supported	True	control_dependency	binary_expression	identifier		log
test69_t1081_s09	69	1081	9	spurious	spurious	False	unmapped				
test69_t1081_s10	69	1081	10	spurious	supported	True	control_dependency	if_statement	identifier		log
test70_t1288_s01	70	1288	1	spurious	spurious	True	unsupported	raw_string_literal_content	raw_string_literal_content	`\nWITH enum_members AS (\n\tSELECT\n\t\t\t\tjson_array_elements(\n\t\t\t\t\t\tcrdb_internal.pb_to_json(\n\t\t\t\t\t\t\t\t'cockroach.sql.sqlbase.Descriptor',\n\t\t\t\t\t\t\t\tdescriptor\n\t\t\t\t\t\t)->'type'->'enumMembers'\n\t\t\t\t)->>'logicalRepresentation'\n\t\t\t\tAS v\n\t\tFROM\n\t\t\t\tsystem.descriptor\n\t\tWHERE\n\t\t\t\tid = ($1::REGTYPE::INT8 - 100000)\n)\nSELECT\n\tCASE WHEN EXISTS (\n\t\tSELECT v FROM enum_members WHERE v = $2::string\n\t) THEN true\n\tELSE false\n\tEND AS exists\n`	
test70_t1288_s02	70	1288	2	spurious	spurious	False	unmapped				
test70_t1288_s03	70	1288	3	spurious	spurious	True	unsupported	raw_string_literal_content	raw_string_literal_content	`\nWITH enum_members AS (\n\tSELECT\n\t\t\t\tjson_array_elements(\n\t\t\t\t\t\tcrdb_internal.pb_to_json(\n\t\t\t\t\t\t\t\t'cockroach.sql.sqlbase.Descriptor',\n\t\t\t\t\t\t\t\tdescriptor\n\t\t\t\t\t\t)->'type'->'enumMembers'\n\t\t\t\t)->>'logicalRepresentation'\n\t\t\t\tAS v\n\t\tFROM\n\t\t\t\tsystem.descriptor\n\t\tWHERE\n\t\t\t\tid = ($1::REGTYPE::INT8 - 100000)\n)\nSELECT\n\tCASE WHEN EXISTS (\n\t\tSELECT v FROM enum_members WHERE v = $2::string\n\t) THEN true\n\tELSE false\n\tEND AS exists\n`	
test70_t1288_s04	70	1288	4	spurious	spurious	True	unsupported	raw_string_literal_content	raw_string_literal_content	`\nWITH\n\tdescriptors\n\t\tAS (\n\t\t\tSELECT\n\t\t\t\tcrdb_internal.pb_to_json(\n\t\t\t\t\t'cockroach.sql.sqlbase.Descriptor',\n\t\t\t\t\tdescriptor\n\t\t\t\t)->'table'\n\t\t\t\t\tAS d\n\t\t\tFROM\n\t\t\t\tsystem.descriptor\n\t\t\tWHERE\n\t\t\t\tid = $1::REGCLASS\n\t\t)\nSELECT\n\tCOALESCE (d->'localityConfig'->'regionalByRow'->>'as', $2)\nFROM\n\tdescriptors;\n`	
test70_t1288_s05	70	1288	5	spurious	spurious	True	unsupported	argument_list	raw_string_literal_content		
test70_t1288_s06	70	1288	6	spurious	spurious	False	unmapped				
test70_t1288_s07	70	1288	7	spurious	spurious	False	unmapped				
test70_t1288_s08	70	1288	8	spurious	spurious	True	unsupported	raw_string_literal_content	raw_string_literal_content	`\nWITH enum_members AS (\n\tSELECT\n\t\t\t\tjson_array_elements(\n\t\t\t\t\t\tcrdb_internal.pb_to_json(\n\t\t\t\t\t\t\t\t'cockroach.sql.sqlbase.Descriptor',\n\t\t\t\t\t\t\t\tdescriptor\n\t\t\t\t\t\t)->'type'->'enumMembers'\n\t\t\t\t)->>'logicalRepresentation'\n\t\t\t\tAS v\n\t\tFROM\n\t\t\t\tsystem.descriptor\n\t\tWHERE\n\t\t\t\tid = ($1::REGTYPE::INT8 - 100000)\n)\nSELECT\n\tCASE WHEN EXISTS (\n\t\tSELECT v FROM enum_members WHERE v = $2::string\n\t) THEN true\n\tELSE false\n\tEND AS exists\n`	
test70_t1288_s09	70	1288	9	spurious	spurious	True	unsupported	method_declaration	raw_string_literal_content		
test70_t1288_s10	70	1288	10	spurious	spurious	True	unsupported	raw_string_literal_content	raw_string_literal_content	`\nSELECT\n\tjson_array_length(\n\t\tCOALESCE(\n\t\t\tcrdb_internal.pb_to_json(\n\t\t\t\t'cockroach.sql.sqlbase.Descriptor',\n\t\t\t\tdescriptor\n\t\t\t)->'table'->'mutations',\n\t\t\t'[]'\n\t\t)\n\t)\n\t> 0\nFROM\n\tsystem.descriptor\nWHERE\n\tid = $1::REGCLASS;\n\t\t`	
test79_t1351_s01	79	1351	1	spurious	spurious	True	unsupported	ERROR	ERROR		
test79_t1351_s02	79	1351	2	spurious	spurious	True	unsupported	identifier	ERROR	types	
test79_t1351_s03	79	1351	3	spurious	spurious	True	unsupported	identifier	ERROR	ord	
test79_t1351_s04	79	1351	4	spurious	spurious	True	unsupported	slice_expression	ERROR		
test79_t1351_s05	79	1351	5	spurious	spurious	True	unsupported	selector_expression	ERROR		
test79_t1351_s06	79	1351	6	spurious	spurious	True	unsupported	identifier	ERROR	_	
test79_t1351_s07	79	1351	7	spurious	spurious	True	unsupported	short_var_declaration	ERROR		
test79_t1351_s08	79	1351	8	spurious	spurious	True	unsupported	range_clause	ERROR		
test79_t1351_s09	79	1351	9	spurious	spurious	False	unmapped				
test79_t1351_s10	79	1351	10	spurious	spurious	True	unsupported	argument_list	ERROR		
test84_t347_s01	84	347	1	supported	supported	True	target_in_source_selector_chain	identifier	identifier	NewFmtCtx	InitialAnnotationString
test84_t347_s02	84	347	2	supported	supported	True	target_in_source_selector_chain	identifier	identifier	NewFmtCtx	InitialAnnotationString
test84_t347_s03	84	347	3	spurious	spurious	False	unmapped				
test84_t347_s04	84	347	4	spurious	spurious	False	unmapped				
test84_t347_s05	84	347	5	spurious	supported	True	same_statement	short_var_declaration	identifier		InitialAnnotationString
test84_t347_s06	84	347	6	spurious	spurious	False	unmapped				
test84_t347_s07	84	347	7	spurious	spurious	False	unmapped				
test84_t347_s08	84	347	8	spurious	spurious	False	unmapped				
test84_t347_s09	84	347	9	supported	supported	True	target_in_source_selector_chain	identifier	identifier	NewFmtCtx	InitialAnnotationString
test84_t347_s10	84	347	10	spurious	spurious	False	unmapped				
test86_t584_s01	86	584	1	spurious	spurious	False	unmapped				
test86_t584_s02	86	584	2	spurious	spurious	False	unmapped				
test86_t584_s03	86	584	3	spurious	spurious	False	unmapped				
test86_t584_s04	86	584	4	spurious	spurious	False	unmapped				
test86_t584_s05	86	584	5	spurious	spurious	False	unmapped				
test86_t584_s06	86	584	6	spurious	spurious	False	unmapped				
test86_t584_s07	86	584	7	spurious	spurious	False	unmapped				
test86_t584_s08	86	584	8	spurious	spurious	False	unmapped				
test86_t584_s09	86	584	9	spurious	spurious	False	unmapped				
test86_t584_s10	86	584	10	spurious	supported	True	same_statement	selector_expression	field_identifier		With
test90_t1677_s01	90	1677	1	spurious	supported	True	control_dependency	selector_expression	identifier		outerColID
test90_t1677_s02	90	1677	2	spurious	supported	True	control_dependency	identifier	identifier	lookupExprCols	outerColID
test90_t1677_s03	90	1677	3	spurious	spurious	False	unmapped				
test90_t1677_s04	90	1677	4	spurious	spurious	True	unsupported	function_declaration	identifier		outerColID
test90_t1677_s05	90	1677	5	spurious	spurious	False	unmapped				
test90_t1677_s06	90	1677	6	spurious	spurious	False	unmapped				
test90_t1677_s07	90	1677	7	spurious	supported	True	control_dependency	for_statement	identifier		outerColID
test90_t1677_s08	90	1677	8	spurious	spurious	False	unmapped				
test90_t1677_s09	90	1677	9	spurious	supported	True	control_dependency	comment	identifier		outerColID
test90_t1677_s10	90	1677	10	spurious	spurious	True	unsupported	short_var_declaration	identifier		outerColID
test91_t302_s01	91	302	1	spurious	supported	True	same_statement	identifier	identifier	l	m
test91_t302_s02	91	302	2	spurious	spurious	True	unsupported	method_declaration	identifier		m
test91_t302_s03	91	302	3	spurious	spurious	False	unmapped				
test91_t302_s04	91	302	4	spurious	spurious	True	unsupported	var_declaration	identifier		m
test91_t302_s05	91	302	5	spurious	spurious	False	unmapped				
test91_t302_s06	91	302	6	spurious	spurious	True	unsupported	identifier	identifier	l	m
test91_t302_s07	91	302	7	spurious	spurious	True	unsupported	field_identifier	identifier	Size	m
test91_t302_s08	91	302	8	supported	supported	True	target_in_source_selector_chain	selector_expression	identifier		m
test91_t302_s09	91	302	9	spurious	spurious	False	unmapped				
test91_t302_s10	91	302	10	spurious	supported	True	control_dependency	nil	identifier		m
test92_t1232_s01	92	1232	1	spurious	spurious	True	unsupported	var_declaration	identifier		path
test92_t1232_s02	92	1232	2	spurious	spurious	True	unsupported	identifier	identifier	pathParam	path
test92_t1232_s03	92	1232	3	spurious	spurious	True	unsupported	var_declaration	identifier		path
test92_t1232_s04	92	1232	4	spurious	spurious	True	unsupported	method_declaration	identifier		path
test92_t1232_s05	92	1232	5	spurious	spurious	True	unsupported	identifier	identifier	pathParam	path
test92_t1232_s06	92	1232	6	spurious	spurious	False	unmapped				
test92_t1232_s07	92	1232	7	spurious	spurious	False	unmapped				
test92_t1232_s08	92	1232	8	spurious	spurious	False	unmapped				
test92_t1232_s09	92	1232	9	spurious	spurious	False	unmapped				
test92_t1232_s10	92	1232	10	spurious	spurious	True	unsupported	type_identifier	identifier	string	path
test95_t1815_s01	95	1815	1	supported	supported	True	source_in_target_selector_chain	identifier	field_identifier	errors	Newf
test95_t1815_s02	95	1815	2	spurious	supported	True	same_statement	return_statement	field_identifier		Newf
test95_t1815_s03	95	1815	3	spurious	spurious	False	unmapped				
test95_t1815_s04	95	1815	4	spurious	spurious	False	unmapped				
test95_t1815_s05	95	1815	5	spurious	spurious	False	unmapped				
test95_t1815_s06	95	1815	6	spurious	spurious	False	unmapped				
test95_t1815_s07	95	1815	7	spurious	spurious	False	unmapped				
test95_t1815_s08	95	1815	8	spurious	spurious	False	unmapped				
test95_t1815_s09	95	1815	9	spurious	spurious	False	unmapped				
test95_t1815_s10	95	1815	10	spurious	spurious	False	unmapped				
